sku;activite;attribute_set;categories;code_article;code_coloris;code_douane;coloris_groupe;composition;composition_description;configurable_attributes;cost;country_of_manufacture;description;entretien_blanchiment;entretien_lavage;entretien_nettoyage_aeau;entretien_nettoyage_asec;entretien_repassage;entretien_sechage_naturel;entretien_sechage_tambour;forme;image1;image2;imaged1;imaged2;imaged4;imaged5;libelle_coloris;ligne_de_produit;marque;msrp;name;options_container;price;reseau;saison;short_description;simple_skus;taille;tax_class_id;theme;top_produit;type;visibility;weight
3253535475899;ACC;"Produit Orli avec Forme";;TBOISRKF;064;;;"Divers autres fibres";"100% Divers autres fibres";;;IN;"Tee en bois pour ballon de rugby taille 5";NA;NA;NA;NA;NA;NA;NA;000;595b479e5979d-00p_tboisrkf_064-image1---1499154334-00P_TBOISRKF_064.jpg;;;;;;Bois;901;RKF;10,00;"Tee en Bois";;10,00;U;21H;"Tee en bois Ruckfield pour ballon de rugby taille 5";;TU;"Taxable Goods";669;0;simple;1;0,4000
00P_TBOISRKF_064;ACC;"Produit Orli avec Forme";"Root Catalog/Default Category/Homme;;Root Catalog/Default Category/Homme/Accessoires;;Root Catalog/Default Category/Homme/Accessoires/Ballon de rugby";TBOISRKF;064;;;"Divers autres fibres";"100% Divers autres fibres";taille;;IN;"Tee en bois pour ballon de rugby taille 5";NA;NA;NA;NA;NA;NA;NA;000;595b479e5979d-00p_tboisrkf_064-image1---1499154334-00P_TBOISRKF_064.jpg;;;;;;Bois;901;RKF;10,00;"Tee en Bois";container1;10,00;U;21H;"Tee en bois Ruckfield pour ballon de rugby taille 5";3253535475899;;"Taxable Goods";669;0;configurable;4;0,4000
3253538585526;ACC;"Produit Orli avec Forme";;H0004183;001;;;Coton;"100% Coton";;;CN;"Craquez pour cette superbe casquette blanche Ruckfield. Habilement ornée du logo Sébastien Chabal à l'avant et broderie de la marque à l'arrière, cette casquette au style épuré et 100% coton complètera adroitement votre coiffe.<br /><br />Modèle disponible en différents coloris.";;;;;;;;000;5a60a75e4f5d0-18e_h0004183_001-image1---1516283742-18E_H0004183_001_face.jpg;;;;;;Blanc;211;RKF;29,90;"Casquette Blanche Chabal by Ruckfield";;29,90;H;21H;"Casquette blanche Ruckfield avec logo Sébastien Chabal";;TU;"Taxable Goods";669;0;simple;1;0,4000
18E_H0004183_001;ACC;"Produit Orli avec Forme";"Root Catalog/Default Category/Homme;;Root Catalog/Default Category/Homme/Accessoires;;Root Catalog/Default Category/Nouvelle collection;;Root Catalog/Default Category/Homme/Accessoires/Casquette;;Root Catalog/Default Category/Homme/Accessoires/Idées Cadeaux";H0004183;001;;;Coton;"100% Coton";taille;;CN;"Craquez pour cette superbe casquette blanche Ruckfield. Habilement ornée du logo Sébastien Chabal à l'avant et broderie de la marque à l'arrière, cette casquette au style épuré et 100% coton complètera adroitement votre coiffe.<br /><br />Modèle disponible en différents coloris.";;;;;;;;000;5a60a75e4f5d0-18e_h0004183_001-image1---1516283742-18E_H0004183_001_face.jpg;;;;;;Blanc;211;RKF;29,90;"Casquette Blanche Chabal by Ruckfield";container1;29,90;H;21H;"Casquette blanche Ruckfield avec logo Sébastien Chabal";3253538585526;;"Taxable Goods";669;0;configurable;4;0,4000
3253538585533;ACC;"Produit Orli avec Forme";;H0004183;012;;;Coton;"100% Coton";;;CN;"Craquez pour cette superbe casquette bleu ciel Ruckfield. Habilement ornée du logo Sébastien Chabal à l'avant et broderie de la marque à l'arrière, cette casquette au style épuré et 100% coton complètera adroitement votre coiffe.<br /><br />Modèle disponible en différents coloris.";;;;;;;;000;5a60a769a7afa-18e_h0004183_012-image1---1516283753-18E_H0004183_012_face.jpg;5a60a769a9827-18e_h0004183_012-image2---1516283753-18E_H0004183_012_dos.jpg;;;;;"Bleu clair";211;RKF;29,90;"Casquette Bleu Ciel Chabal by Ruckfield";;29,90;H;21H;"Casquette bleu ciel Ruckfield avec logo Sébastien Chabal";;TU;"Taxable Goods";669;0;simple;1;0,4000
18E_H0004183_012;ACC;"Produit Orli avec Forme";"Root Catalog/Default Category/Homme;;Root Catalog/Default Category/Homme/Accessoires;;Root Catalog/Default Category/Nouvelle collection;;Root Catalog/Default Category/Homme/Accessoires/Casquette;;Root Catalog/Default Category/Homme/Accessoires/Idées Cadeaux";H0004183;012;;;Coton;"100% Coton";taille;;CN;"Craquez pour cette superbe casquette bleu ciel Ruckfield. Habilement ornée du logo Sébastien Chabal à l'avant et broderie de la marque à l'arrière, cette casquette au style épuré et 100% coton complètera adroitement votre coiffe.<br /><br />Modèle disponible en différents coloris.";;;;;;;;000;5a60a769a7afa-18e_h0004183_012-image1---1516283753-18E_H0004183_012_face.jpg;5a60a769a9827-18e_h0004183_012-image2---1516283753-18E_H0004183_012_dos.jpg;;;;;"Bleu clair";211;RKF;29,90;"Casquette Bleu Ciel Chabal by Ruckfield";container1;29,90;H;21H;"Casquette bleu ciel Ruckfield avec logo Sébastien Chabal";3253538585533;;"Taxable Goods";669;0;configurable;4;0,4000
3253538585540;ACC;"Produit Orli avec Forme";;H0004183;018;;;Coton;"100% Coton";;;CN;"Craquez pour cette superbe casquette bleu marine Ruckfield. Habilement ornée du logo Sébastien Chabal à l'avant et broderie de la marque à l'arrière, cette casquette au style épuré et 100% coton complètera adroitement votre coiffe.<br /><br />Modèle disponible en différents coloris.";;;;;;;;000;5a60a7761e7e3-18e_h0004183_018-image1---1516283766-18E_H0004183_018_face.jpg;5a60a7762248a-18e_h0004183_018-image2---1516283766-18E_H0004183_018_dos.jpg;;;;;"Bleu marine";211;RKF;29,90;"Casquette Bleu Marine Chabal by Ruckfield";;29,90;H;21H;"Casquette bleu marine Ruckfield avec logo Sébastien Chabal";;TU;"Taxable Goods";669;0;simple;1;0,4000
18E_H0004183_018;ACC;"Produit Orli avec Forme";"Root Catalog/Default Category/Homme;;Root Catalog/Default Category/Homme/Accessoires;;Root Catalog/Default Category/Nouvelle collection;;Root Catalog/Default Category/Homme/Accessoires/Casquette;;Root Catalog/Default Category/Homme/Accessoires/Idées Cadeaux";H0004183;018;;;Coton;"100% Coton";taille;;CN;"Craquez pour cette superbe casquette bleu marine Ruckfield. Habilement ornée du logo Sébastien Chabal à l'avant et broderie de la marque à l'arrière, cette casquette au style épuré et 100% coton complètera adroitement votre coiffe.<br /><br />Modèle disponible en différents coloris.";;;;;;;;000;5a60a7761e7e3-18e_h0004183_018-image1---1516283766-18E_H0004183_018_face.jpg;5a60a7762248a-18e_h0004183_018-image2---1516283766-18E_H0004183_018_dos.jpg;;;;;"Bleu marine";211;RKF;29,90;"Casquette Bleu Marine Chabal by Ruckfield";container1;29,90;H;21H;"Casquette bleu marine Ruckfield avec logo Sébastien Chabal";3253538585540;;"Taxable Goods";669;0;configurable;4;0,4000
3253538585557;ACC;"Produit Orli avec Forme";;H0004183;042;;;Coton;"100% Coton";;;CN;"Craquez pour cette superbe casquette rose Ruckfield. Habilement ornée du logo Sébastien Chabal à l'avant et broderie de la marque à l'arrière, cette casquette au style épuré et 100% coton complètera adroitement votre coiffe.<br /><br />Modèle disponible en différents coloris.";;;;;;;;000;5a60a780ded8e-18e_h0004183_042-image1---1516283776-18E_H0004183_042_face.jpg;5a60a780e09bd-18e_h0004183_042-image2---1516283776-18E_H0004183_042_dos.jpg;;;;;"Rose clair";211;RKF;29,90;"Casquette Rose Chabal by Ruckfield";;29,90;H;21H;"Casquette rose Ruckfield avec logo Sébastien Chabal";;TU;"Taxable Goods";669;0;simple;1;0,4000
18E_H0004183_042;ACC;"Produit Orli avec Forme";"Root Catalog/Default Category/Homme;;Root Catalog/Default Category/Homme/Accessoires;;Root Catalog/Default Category/Nouvelle collection;;Root Catalog/Default Category/Homme/Accessoires/Casquette;;Root Catalog/Default Category/Homme/Accessoires/Idées Cadeaux";H0004183;042;;;Coton;"100% Coton";taille;;CN;"Craquez pour cette superbe casquette rose Ruckfield. Habilement ornée du logo Sébastien Chabal à l'avant et broderie de la marque à l'arrière, cette casquette au style épuré et 100% coton complètera adroitement votre coiffe.<br /><br />Modèle disponible en différents coloris.";;;;;;;;000;5a60a780ded8e-18e_h0004183_042-image1---1516283776-18E_H0004183_042_face.jpg;5a60a780e09bd-18e_h0004183_042-image2---1516283776-18E_H0004183_042_dos.jpg;;;;;"Rose clair";211;RKF;29,90;"Casquette Rose Chabal by Ruckfield";container1;29,90;H;21H;"Casquette rose Ruckfield avec logo Sébastien Chabal";3253538585557;;"Taxable Goods";669;0;configurable;4;0,4000
3253538585564;ACC;"Produit Orli avec Forme";;H0004183;054;;;Coton;"100% Coton";;;CN;"Craquez pour cette superbe casquette rouge Ruckfield. Habilement ornée du logo Sébastien Chabal à l'avant et broderie de la marque à l'arrière, cette casquette au style épuré et 100% coton complètera adroitement votre coiffe.<br /><br />Modèle disponible en différents coloris.";;;;;;;;000;5a60a7881cbf1-18e_h0004183_054-image1---1516283784-18E_H0004183_054_face.jpg;;;;;;"Rouge moyen";211;RKF;29,90;"Casquette Rouge Chabal by Ruckfield";;29,90;H;21H;"Casquette rouge Ruckfield avec logo Sébastien Chabal";;TU;"Taxable Goods";669;0;simple;1;0,4000
18E_H0004183_054;ACC;"Produit Orli avec Forme";"Root Catalog/Default Category/Homme;;Root Catalog/Default Category/Homme/Accessoires;;Root Catalog/Default Category/Nouvelle collection;;Root Catalog/Default Category/Homme/Accessoires/Casquette";H0004183;054;;;Coton;"100% Coton";taille;;CN;"Craquez pour cette superbe casquette rouge Ruckfield. Habilement ornée du logo Sébastien Chabal à l'avant et broderie de la marque à l'arrière, cette casquette au style épuré et 100% coton complètera adroitement votre coiffe.<br /><br />Modèle disponible en différents coloris.";;;;;;;;000;5a60a7881cbf1-18e_h0004183_054-image1---1516283784-18E_H0004183_054_face.jpg;;;;;;"Rouge moyen";211;RKF;29,90;"Casquette Rouge Chabal by Ruckfield";container1;29,90;H;21H;"Casquette rouge Ruckfield avec logo Sébastien Chabal";3253538585564;;"Taxable Goods";669;0;configurable;4;0,4000
3253538585571;ACC;"Produit Orli avec Forme";;H0004183;099;;;Coton;"100% Coton";;;CN;"Craquez pour cette superbe casquette noire Ruckfield. Habilement ornée du logo Sébastien Chabal à l'avant et broderie de la marque à l'arrière, cette casquette au style épuré et 100% coton complètera adroitement votre coiffe.<br /><br />Modèle disponible en différents coloris.";;;;;;;;000;5a60a78fe32ba-18e_h0004183_099-image1---1516283791-18E_H0004183_099_face.jpg;5a60a78fe41fd-18e_h0004183_099-image2---1516283791-18E_H0004183_099_dos.jpg;;;;;Noir;211;RKF;29,90;"Casquette Noire Chabal by Ruckfield";;29,90;H;21H;"Casquette noire Ruckfield avec logo Sébastien Chabal";;TU;"Taxable Goods";669;0;simple;1;0,4000
18E_H0004183_099;ACC;"Produit Orli avec Forme";"Root Catalog/Default Category/Homme;;Root Catalog/Default Category/Homme/Accessoires;;Root Catalog/Default Category/Nouvelle collection;;Root Catalog/Default Category/Homme/Accessoires/Casquette;;Root Catalog/Default Category/Homme/Accessoires/Idées Cadeaux";H0004183;099;;;Coton;"100% Coton";taille;;CN;"Craquez pour cette superbe casquette noire Ruckfield. Habilement ornée du logo Sébastien Chabal à l'avant et broderie de la marque à l'arrière, cette casquette au style épuré et 100% coton complètera adroitement votre coiffe.<br /><br />Modèle disponible en différents coloris.";;;;;;;;000;5a60a78fe32ba-18e_h0004183_099-image1---1516283791-18E_H0004183_099_face.jpg;5a60a78fe41fd-18e_h0004183_099-image2---1516283791-18E_H0004183_099_dos.jpg;;;;;Noir;211;RKF;29,90;"Casquette Noire Chabal by Ruckfield";container1;29,90;H;21H;"Casquette noire Ruckfield avec logo Sébastien Chabal";3253538585571;;"Taxable Goods";669;0;configurable;4;0,4000
3253538669059;ACC;"Produit Orli avec Forme";;H0004381;099;;;"Cuir veritable";"100% Cuir veritable";;;CN;"Portefeuille en cuir noir Ruckfield<br /><br />- 2 soufflets pour les billets<br />- 8 rangements pour les cartes<br />- Dimensions fermé en cm H 9 x L 12<br />- Livré dans un coffret siglé Ruckfield<br />- Protection contre la communication RFID.";;;;;;;;000;5b4de6c927359-18h_h0004381_099-image1---1531832009-18H_H0004381_099_face.jpg;;;;;;Noir;901;RKF;49,00;"Portefeuille en cuir noir Ruckfield";;49,00;H;21H;"Portefeuille en cuir noir Ruckfield";;TU;"Taxable Goods";669;0;simple;1;0,4000
18H_H0004381_099;ACC;"Produit Orli avec Forme";"Root Catalog/Default Category/Accessoires;;Root Catalog/Default Category/Homme;;Root Catalog/Default Category/Homme/Accessoires;;Root Catalog/Default Category/Nouvelle collection;;Root Catalog/Default Category/Homme/Accessoires/Portefeuilles";H0004381;099;;;"Cuir veritable";"100% Cuir veritable";taille;;CN;"Portefeuille en cuir noir Ruckfield<br /><br />- 2 soufflets pour les billets<br />- 8 rangements pour les cartes<br />- Dimensions fermé en cm H 9 x L 12<br />- Livré dans un coffret siglé Ruckfield<br />- Protection contre la communication RFID.";;;;;;;;000;5b4de6c927359-18h_h0004381_099-image1---1531832009-18H_H0004381_099_face.jpg;;;;;;Noir;901;RKF;49,00;"Portefeuille en cuir noir Ruckfield";container1;49,00;H;21H;"Portefeuille en cuir noir Ruckfield";3253538669059;;"Taxable Goods";669;0;configurable;4;0,4000
3253538861613;ACC;"Produit Orli avec Forme";;H0004597;018;;;Coton;"100% Coton";;;PK;"Parfait pour le bord de mer, ce drap de plage affiche un sublime coq avec des détails tricolores qui apporte une touche supporter à cet accessoire de plage. <br /><br />- Coton 360 gr<br />- 100 x 180 cm";;;;;;;;000;5bee97969f3f2-19e_h0004597_018-image1---1542363030-19E_H0004597_018_face.jpg;;;;;;"Bleu marine";D06;RKF;49,00;"Drap de plage France";;49,00;H;21H;"Drap de plage grand modèle pour tous les supporters de la France.";;TU;"Taxable Goods";FRC;0;simple;1;0,4000
19E_H0004597_018;ACC;"Produit Orli avec Forme";"Root Catalog/Default Category/Homme;;Root Catalog/Default Category/Homme/Accessoires;;Root Catalog/Default Category/Nouvelle collection;;Root Catalog/Default Category/Homme/Accessoires/Serviette et Drap de plage;;Root Catalog/Default Category/Collections;;Root Catalog/Default Category/Collections/French Rugby Club";H0004597;018;;;Coton;"100% Coton";taille;;PK;"Parfait pour le bord de mer, ce drap de plage affiche un sublime coq avec des détails tricolores qui apporte une touche supporter à cet accessoire de plage. <br /><br />- Coton 360 gr<br />- 100 x 180 cm";;;;;;;;000;5bee97969f3f2-19e_h0004597_018-image1---1542363030-19E_H0004597_018_face.jpg;;;;;;"Bleu marine";D06;RKF;49,00;"Drap de plage France";container1;49,00;H;21H;"Drap de plage grand modèle pour tous les supporters de la France.";3253538861613;;"Taxable Goods";FRC;0;configurable;4;0,4000
3253539096304;ACC;"Produit Orli avec Forme";;H0004695;013;;;Coton,Elasthanne,Polyamide;"80% Coton, 18% Polyamide, 2% Elasthanne";;;F;"Soyez élégant de la tête aux pieds !<br />Découvrez notre collection de chaussettes made in France, tendance, confortable et originale, elles se déclinent dans une large palette de couleurs et d'imprimés.<br /><br />Fabriquées en Bourgogne dans une entreprise du patrimoine vivant avec un savoir-faire de presque 100 ans.<br />Disponibles en 39/42, 43/46, 47/50";;;;;;;;000;5d7f7aa000bc3-19h_h0004695_013-image1---1568635551-19H_H0004695_013_face.JPG;;;;;;"Bleu turquoise";904;RKF;15,00;"Chaussettes homme turquoise";;15,00;U;21H;"Chaussettes unies homme en fil de coton turquoise. Disponibles en 39/42, 43/46, 47/50";;39/42;"Taxable Goods";669;0;simple;1;0,4000
3253539096311;ACC;"Produit Orli avec Forme";;H0004695;013;;;Coton,Elasthanne,Polyamide;"80% Coton, 18% Polyamide, 2% Elasthanne";;;F;"Soyez élégant de la tête aux pieds !<br />Découvrez notre collection de chaussettes made in France, tendance, confortable et originale, elles se déclinent dans une large palette de couleurs et d'imprimés.<br /><br />Fabriquées en Bourgogne dans une entreprise du patrimoine vivant avec un savoir-faire de presque 100 ans.<br />Disponibles en 39/42, 43/46, 47/50";;;;;;;;000;5d7f7aa000bc3-19h_h0004695_013-image1---1568635551-19H_H0004695_013_face.JPG;;;;;;"Bleu turquoise";904;RKF;15,00;"Chaussettes homme turquoise";;15,00;U;21H;"Chaussettes unies homme en fil de coton turquoise. Disponibles en 39/42, 43/46, 47/50";;43/46;"Taxable Goods";669;0;simple;1;0,4000
3253539096328;ACC;"Produit Orli avec Forme";;H0004695;013;;;Coton,Elasthanne,Polyamide;"80% Coton, 18% Polyamide, 2% Elasthanne";;;F;"Soyez élégant de la tête aux pieds !<br />Découvrez notre collection de chaussettes made in France, tendance, confortable et originale, elles se déclinent dans une large palette de couleurs et d'imprimés.<br /><br />Fabriquées en Bourgogne dans une entreprise du patrimoine vivant avec un savoir-faire de presque 100 ans.<br />Disponibles en 39/42, 43/46, 47/50";;;;;;;;000;5d7f7aa000bc3-19h_h0004695_013-image1---1568635551-19H_H0004695_013_face.JPG;;;;;;"Bleu turquoise";904;RKF;15,00;"Chaussettes homme turquoise";;15,00;U;21H;"Chaussettes unies homme en fil de coton turquoise. Disponibles en 39/42, 43/46, 47/50";;47/50;"Taxable Goods";669;0;simple;1;0,4000
19H_H0004695_013;ACC;"Produit Orli avec Forme";"Root Catalog/Default Category/Homme/Bas/Sous-vêtements";H0004695;013;;;Coton,Elasthanne,Polyamide;"80% Coton, 18% Polyamide, 2% Elasthanne";taille;;F;"Soyez élégant de la tête aux pieds !<br />Découvrez notre collection de chaussettes made in France, tendance, confortable et originale, elles se déclinent dans une large palette de couleurs et d'imprimés.<br /><br />Fabriquées en Bourgogne dans une entreprise du patrimoine vivant avec un savoir-faire de presque 100 ans.<br />Disponibles en 39/42, 43/46, 47/50";;;;;;;;000;5d7f7aa000bc3-19h_h0004695_013-image1---1568635551-19H_H0004695_013_face.JPG;;;;;;"Bleu turquoise";904;RKF;15,00;"Chaussettes homme turquoise";container1;15,00;U;21H;"Chaussettes unies homme en fil de coton turquoise. Disponibles en 39/42, 43/46, 47/50";3253539096304,3253539096311,3253539096328;;"Taxable Goods";669;0;configurable;4;0,4000
3253539096335;ACC;"Produit Orli avec Forme";;H0004695;014;;;Coton,Elasthanne,Polyamide;"80% Coton, 18% Polyamide, 2% Elasthanne";;;F;"Soyez élégant de la tête aux pieds !<br />Découvrez notre collection de chaussettes made in France, tendance, confortable et originale, elles se déclinent dans une large palette de couleurs et d'imprimés.<br /><br />Fabriquées en Bourgogne dans une entreprise du patrimoine vivant avec un savoir-faire de presque 100 ans.<br />Disponibles en 39/42, 43/46, 47/50";;;;;;;;000;5d7f7e315c4ab-19h_h0004695_014-image1---1568636465-19H_H0004695_014_face.JPG;;;;;;"Bleu moyen";904;RKF;15,00;"Chaussettes bleu homme";;15,00;U;21H;"Chaussettes bleu unies homme disponibles en 39/42, 43/46, 47/50";;39/42;"Taxable Goods";669;0;simple;1;0,4000
3253539096342;ACC;"Produit Orli avec Forme";;H0004695;014;;;Coton,Elasthanne,Polyamide;"80% Coton, 18% Polyamide, 2% Elasthanne";;;F;"Soyez élégant de la tête aux pieds !<br />Découvrez notre collection de chaussettes made in France, tendance, confortable et originale, elles se déclinent dans une large palette de couleurs et d'imprimés.<br /><br />Fabriquées en Bourgogne dans une entreprise du patrimoine vivant avec un savoir-faire de presque 100 ans.<br />Disponibles en 39/42, 43/46, 47/50";;;;;;;;000;5d7f7e315c4ab-19h_h0004695_014-image1---1568636465-19H_H0004695_014_face.JPG;;;;;;"Bleu moyen";904;RKF;15,00;"Chaussettes bleu homme";;15,00;U;21H;"Chaussettes bleu unies homme disponibles en 39/42, 43/46, 47/50";;43/46;"Taxable Goods";669;0;simple;1;0,4000
3253539096359;ACC;"Produit Orli avec Forme";;H0004695;014;;;Coton,Elasthanne,Polyamide;"80% Coton, 18% Polyamide, 2% Elasthanne";;;F;"Soyez élégant de la tête aux pieds !<br />Découvrez notre collection de chaussettes made in France, tendance, confortable et originale, elles se déclinent dans une large palette de couleurs et d'imprimés.<br /><br />Fabriquées en Bourgogne dans une entreprise du patrimoine vivant avec un savoir-faire de presque 100 ans.<br />Disponibles en 39/42, 43/46, 47/50";;;;;;;;000;5d7f7e315c4ab-19h_h0004695_014-image1---1568636465-19H_H0004695_014_face.JPG;;;;;;"Bleu moyen";904;RKF;15,00;"Chaussettes bleu homme";;15,00;U;21H;"Chaussettes bleu unies homme disponibles en 39/42, 43/46, 47/50";;47/50;"Taxable Goods";669;0;simple;1;0,4000
19H_H0004695_014;ACC;"Produit Orli avec Forme";"Root Catalog/Default Category/Homme/Bas/Sous-vêtements";H0004695;014;;;Coton,Elasthanne,Polyamide;"80% Coton, 18% Polyamide, 2% Elasthanne";taille;;F;"Soyez élégant de la tête aux pieds !<br />Découvrez notre collection de chaussettes made in France, tendance, confortable et originale, elles se déclinent dans une large palette de couleurs et d'imprimés.<br /><br />Fabriquées en Bourgogne dans une entreprise du patrimoine vivant avec un savoir-faire de presque 100 ans.<br />Disponibles en 39/42, 43/46, 47/50";;;;;;;;000;5d7f7e315c4ab-19h_h0004695_014-image1---1568636465-19H_H0004695_014_face.JPG;;;;;;"Bleu moyen";904;RKF;15,00;"Chaussettes bleu homme";container1;15,00;U;21H;"Chaussettes bleu unies homme disponibles en 39/42, 43/46, 47/50";3253539096335,3253539096342,3253539096359;;"Taxable Goods";669;0;configurable;4;0,4000
3253539096397;ACC;"Produit Orli avec Forme";;H0004695;035;;;Coton,Elasthanne,Polyamide;"80% Coton, 18% Polyamide, 2% Elasthanne";;;F;"Soyez élégant de la tête aux pieds !<br />Découvrez notre collection de chaussettes made in France, tendance, confortable et originale, elles se déclinent dans une large palette de couleurs et d'imprimés.<br /><br />Fabriquées en Bourgogne dans une entreprise du patrimoine vivant avec un savoir-faire de presque 100 ans.<br />Disponibles en 39/42, 43/46, 47/50";;;;;;;;000;5d7f7f17c1a05-19h_h0004695_035-image1---1568636695-19H_H0004695_035_face.JPG;;;;;;Moutarde;904;RKF;15,00;"Chaussettes homme jaune moutarde";;15,00;U;21H;"Chaussettes jaune unies homme, disponibles en 39/42, 43/46, 47/50";;39/42;"Taxable Goods";669;0;simple;1;0,4000
3253539096403;ACC;"Produit Orli avec Forme";;H0004695;035;;;Coton,Elasthanne,Polyamide;"80% Coton, 18% Polyamide, 2% Elasthanne";;;F;"Soyez élégant de la tête aux pieds !<br />Découvrez notre collection de chaussettes made in France, tendance, confortable et originale, elles se déclinent dans une large palette de couleurs et d'imprimés.<br /><br />Fabriquées en Bourgogne dans une entreprise du patrimoine vivant avec un savoir-faire de presque 100 ans.<br />Disponibles en 39/42, 43/46, 47/50";;;;;;;;000;5d7f7f17c1a05-19h_h0004695_035-image1---1568636695-19H_H0004695_035_face.JPG;;;;;;Moutarde;904;RKF;15,00;"Chaussettes homme jaune moutarde";;15,00;U;21H;"Chaussettes jaune unies homme, disponibles en 39/42, 43/46, 47/50";;43/46;"Taxable Goods";669;0;simple;1;0,4000
3253539096410;ACC;"Produit Orli avec Forme";;H0004695;035;;;Coton,Elasthanne,Polyamide;"80% Coton, 18% Polyamide, 2% Elasthanne";;;F;"Soyez élégant de la tête aux pieds !<br />Découvrez notre collection de chaussettes made in France, tendance, confortable et originale, elles se déclinent dans une large palette de couleurs et d'imprimés.<br /><br />Fabriquées en Bourgogne dans une entreprise du patrimoine vivant avec un savoir-faire de presque 100 ans.<br />Disponibles en 39/42, 43/46, 47/50";;;;;;;;000;5d7f7f17c1a05-19h_h0004695_035-image1---1568636695-19H_H0004695_035_face.JPG;;;;;;Moutarde;904;RKF;15,00;"Chaussettes homme jaune moutarde";;15,00;U;21H;"Chaussettes jaune unies homme, disponibles en 39/42, 43/46, 47/50";;47/50;"Taxable Goods";669;0;simple;1;0,4000
19H_H0004695_035;ACC;"Produit Orli avec Forme";"Root Catalog/Default Category/Homme/Bas/Sous-vêtements";H0004695;035;;;Coton,Elasthanne,Polyamide;"80% Coton, 18% Polyamide, 2% Elasthanne";taille;;F;"Soyez élégant de la tête aux pieds !<br />Découvrez notre collection de chaussettes made in France, tendance, confortable et originale, elles se déclinent dans une large palette de couleurs et d'imprimés.<br /><br />Fabriquées en Bourgogne dans une entreprise du patrimoine vivant avec un savoir-faire de presque 100 ans.<br />Disponibles en 39/42, 43/46, 47/50";;;;;;;;000;5d7f7f17c1a05-19h_h0004695_035-image1---1568636695-19H_H0004695_035_face.JPG;;;;;;Moutarde;904;RKF;15,00;"Chaussettes homme jaune moutarde";container1;15,00;U;21H;"Chaussettes jaune unies homme, disponibles en 39/42, 43/46, 47/50";3253539096397,3253539096403,3253539096410;;"Taxable Goods";669;0;configurable;4;0,4000
3253539096427;ACC;"Produit Orli avec Forme";;H0004695;054;;;Coton,Elasthanne,Polyamide;"80% Coton, 18% Polyamide, 2% Elasthanne";;;F;"Soyez élégant de la tête aux pieds !<br />Découvrez notre collection de chaussettes made in France, tendance, confortable et originale, elles se déclinent dans une large palette de couleurs et d'imprimés.<br /><br />Fabriquées en Bourgogne dans une entreprise du patrimoine vivant avec un savoir-faire de presque 100 ans.<br />Disponibles en 39/42, 43/46, 47/50";;;;;;;;000;5d7f806b36081-19h_h0004695_054-image1---1568637035-19H_H0004695_054_face.JPG;;;;;;"Rouge moyen";904;RKF;15,00;"Chaussettes rouge homme";;15,00;U;21H;"Chaussettes rouge homme, disponibles en 39/42, 43/46, 47/50";;39/42;"Taxable Goods";669;0;simple;1;0,4000
3253539096434;ACC;"Produit Orli avec Forme";;H0004695;054;;;Coton,Elasthanne,Polyamide;"80% Coton, 18% Polyamide, 2% Elasthanne";;;F;"Soyez élégant de la tête aux pieds !<br />Découvrez notre collection de chaussettes made in France, tendance, confortable et originale, elles se déclinent dans une large palette de couleurs et d'imprimés.<br /><br />Fabriquées en Bourgogne dans une entreprise du patrimoine vivant avec un savoir-faire de presque 100 ans.<br />Disponibles en 39/42, 43/46, 47/50";;;;;;;;000;5d7f806b36081-19h_h0004695_054-image1---1568637035-19H_H0004695_054_face.JPG;;;;;;"Rouge moyen";904;RKF;15,00;"Chaussettes rouge homme";;15,00;U;21H;"Chaussettes rouge homme, disponibles en 39/42, 43/46, 47/50";;43/46;"Taxable Goods";669;0;simple;1;0,4000
3253539096441;ACC;"Produit Orli avec Forme";;H0004695;054;;;Coton,Elasthanne,Polyamide;"80% Coton, 18% Polyamide, 2% Elasthanne";;;F;"Soyez élégant de la tête aux pieds !<br />Découvrez notre collection de chaussettes made in France, tendance, confortable et originale, elles se déclinent dans une large palette de couleurs et d'imprimés.<br /><br />Fabriquées en Bourgogne dans une entreprise du patrimoine vivant avec un savoir-faire de presque 100 ans.<br />Disponibles en 39/42, 43/46, 47/50";;;;;;;;000;5d7f806b36081-19h_h0004695_054-image1---1568637035-19H_H0004695_054_face.JPG;;;;;;"Rouge moyen";904;RKF;15,00;"Chaussettes rouge homme";;15,00;U;21H;"Chaussettes rouge homme, disponibles en 39/42, 43/46, 47/50";;47/50;"Taxable Goods";669;0;simple;1;0,4000
19H_H0004695_054;ACC;"Produit Orli avec Forme";"Root Catalog/Default Category/Homme/Bas/Sous-vêtements";H0004695;054;;;Coton,Elasthanne,Polyamide;"80% Coton, 18% Polyamide, 2% Elasthanne";taille;;F;"Soyez élégant de la tête aux pieds !<br />Découvrez notre collection de chaussettes made in France, tendance, confortable et originale, elles se déclinent dans une large palette de couleurs et d'imprimés.<br /><br />Fabriquées en Bourgogne dans une entreprise du patrimoine vivant avec un savoir-faire de presque 100 ans.<br />Disponibles en 39/42, 43/46, 47/50";;;;;;;;000;5d7f806b36081-19h_h0004695_054-image1---1568637035-19H_H0004695_054_face.JPG;;;;;;"Rouge moyen";904;RKF;15,00;"Chaussettes rouge homme";container1;15,00;U;21H;"Chaussettes rouge homme, disponibles en 39/42, 43/46, 47/50";3253539096427,3253539096434,3253539096441;;"Taxable Goods";669;0;configurable;4;0,4000
3253539096458;ACC;"Produit Orli avec Forme";;H0004695;072;;;Coton,Elasthanne,Polyamide;"80% Coton, 18% Polyamide, 2% Elasthanne";;;F;"Soyez élégant de la tête aux pieds !<br />Découvrez notre collection de chaussettes made in France, tendance, confortable et originale, elles se déclinent dans une large palette de couleurs et d'imprimés.<br /><br />Fabriquées en Bourgogne dans une entreprise du patrimoine vivant avec un savoir-faire de presque 100 ans.<br />Disponibles en 39/42, 43/46, 47/50";;;;;;;;000;5d7f79385ac3b-19h_h0004695_072-image1---1568635192-19H_H0004695_072_face.JPG;;;;;;"Beige clair";904;RKF;15,00;"Chaussettes homme beige";;15,00;U;21H;"Chaussette unies beige pour homme. Disponibles en 39/42, 43/46, 47/50";;39/42;"Taxable Goods";669;0;simple;1;0,4000
3253539096465;ACC;"Produit Orli avec Forme";;H0004695;072;;;Coton,Elasthanne,Polyamide;"80% Coton, 18% Polyamide, 2% Elasthanne";;;F;"Soyez élégant de la tête aux pieds !<br />Découvrez notre collection de chaussettes made in France, tendance, confortable et originale, elles se déclinent dans une large palette de couleurs et d'imprimés.<br /><br />Fabriquées en Bourgogne dans une entreprise du patrimoine vivant avec un savoir-faire de presque 100 ans.<br />Disponibles en 39/42, 43/46, 47/50";;;;;;;;000;5d7f79385ac3b-19h_h0004695_072-image1---1568635192-19H_H0004695_072_face.JPG;;;;;;"Beige clair";904;RKF;15,00;"Chaussettes homme beige";;15,00;U;21H;"Chaussette unies beige pour homme. Disponibles en 39/42, 43/46, 47/50";;43/46;"Taxable Goods";669;0;simple;1;0,4000
3253539096472;ACC;"Produit Orli avec Forme";;H0004695;072;;;Coton,Elasthanne,Polyamide;"80% Coton, 18% Polyamide, 2% Elasthanne";;;F;"Soyez élégant de la tête aux pieds !<br />Découvrez notre collection de chaussettes made in France, tendance, confortable et originale, elles se déclinent dans une large palette de couleurs et d'imprimés.<br /><br />Fabriquées en Bourgogne dans une entreprise du patrimoine vivant avec un savoir-faire de presque 100 ans.<br />Disponibles en 39/42, 43/46, 47/50";;;;;;;;000;5d7f79385ac3b-19h_h0004695_072-image1---1568635192-19H_H0004695_072_face.JPG;;;;;;"Beige clair";904;RKF;15,00;"Chaussettes homme beige";;15,00;U;21H;"Chaussette unies beige pour homme. Disponibles en 39/42, 43/46, 47/50";;47/50;"Taxable Goods";669;0;simple;1;0,4000
19H_H0004695_072;ACC;"Produit Orli avec Forme";"Root Catalog/Default Category/Homme/Bas/Sous-vêtements";H0004695;072;;;Coton,Elasthanne,Polyamide;"80% Coton, 18% Polyamide, 2% Elasthanne";taille;;F;"Soyez élégant de la tête aux pieds !<br />Découvrez notre collection de chaussettes made in France, tendance, confortable et originale, elles se déclinent dans une large palette de couleurs et d'imprimés.<br /><br />Fabriquées en Bourgogne dans une entreprise du patrimoine vivant avec un savoir-faire de presque 100 ans.<br />Disponibles en 39/42, 43/46, 47/50";;;;;;;;000;5d7f79385ac3b-19h_h0004695_072-image1---1568635192-19H_H0004695_072_face.JPG;;;;;;"Beige clair";904;RKF;15,00;"Chaussettes homme beige";container1;15,00;U;21H;"Chaussette unies beige pour homme. Disponibles en 39/42, 43/46, 47/50";3253539096458,3253539096465,3253539096472;;"Taxable Goods";669;0;configurable;4;0,4000
3253539096489;ACC;"Produit Orli avec Forme";;H0004695;082;;;Coton,Elasthanne,Polyamide;"80% Coton, 18% Polyamide, 2% Elasthanne";;;F;"Soyez élégant de la tête aux pieds !<br />Découvrez notre collection de chaussettes made in France, tendance, confortable et originale, elles se déclinent dans une large palette de couleurs et d'imprimés.<br /><br />Fabriquées en Bourgogne dans une entreprise du patrimoine vivant avec un savoir-faire de presque 100 ans.<br />Disponibles en 39/42, 43/46, 47/50";;;;;;;;000;5d7f8097d45f9-19h_h0004695_082-image1---1568637079-19H_H0004695_082_face.JPG;;;;;;"Gris clair";904;RKF;15,00;"Chaussettes homme grises";;15,00;U;21H;"Chaussettes unies grises homme, disponibles en 39/42, 43/46, 47/50";;39/42;"Taxable Goods";669;0;simple;1;0,4000
3253539096496;ACC;"Produit Orli avec Forme";;H0004695;082;;;Coton,Elasthanne,Polyamide;"80% Coton, 18% Polyamide, 2% Elasthanne";;;F;"Soyez élégant de la tête aux pieds !<br />Découvrez notre collection de chaussettes made in France, tendance, confortable et originale, elles se déclinent dans une large palette de couleurs et d'imprimés.<br /><br />Fabriquées en Bourgogne dans une entreprise du patrimoine vivant avec un savoir-faire de presque 100 ans.<br />Disponibles en 39/42, 43/46, 47/50";;;;;;;;000;5d7f8097d45f9-19h_h0004695_082-image1---1568637079-19H_H0004695_082_face.JPG;;;;;;"Gris clair";904;RKF;15,00;"Chaussettes homme grises";;15,00;U;21H;"Chaussettes unies grises homme, disponibles en 39/42, 43/46, 47/50";;43/46;"Taxable Goods";669;0;simple;1;0,4000
3253539096502;ACC;"Produit Orli avec Forme";;H0004695;082;;;Coton,Elasthanne,Polyamide;"80% Coton, 18% Polyamide, 2% Elasthanne";;;F;"Soyez élégant de la tête aux pieds !<br />Découvrez notre collection de chaussettes made in France, tendance, confortable et originale, elles se déclinent dans une large palette de couleurs et d'imprimés.<br /><br />Fabriquées en Bourgogne dans une entreprise du patrimoine vivant avec un savoir-faire de presque 100 ans.<br />Disponibles en 39/42, 43/46, 47/50";;;;;;;;000;5d7f8097d45f9-19h_h0004695_082-image1---1568637079-19H_H0004695_082_face.JPG;;;;;;"Gris clair";904;RKF;15,00;"Chaussettes homme grises";;15,00;U;21H;"Chaussettes unies grises homme, disponibles en 39/42, 43/46, 47/50";;47/50;"Taxable Goods";669;0;simple;1;0,4000
19H_H0004695_082;ACC;"Produit Orli avec Forme";"Root Catalog/Default Category/Homme/Bas/Sous-vêtements";H0004695;082;;;Coton,Elasthanne,Polyamide;"80% Coton, 18% Polyamide, 2% Elasthanne";taille;;F;"Soyez élégant de la tête aux pieds !<br />Découvrez notre collection de chaussettes made in France, tendance, confortable et originale, elles se déclinent dans une large palette de couleurs et d'imprimés.<br /><br />Fabriquées en Bourgogne dans une entreprise du patrimoine vivant avec un savoir-faire de presque 100 ans.<br />Disponibles en 39/42, 43/46, 47/50";;;;;;;;000;5d7f8097d45f9-19h_h0004695_082-image1---1568637079-19H_H0004695_082_face.JPG;;;;;;"Gris clair";904;RKF;15,00;"Chaussettes homme grises";container1;15,00;U;21H;"Chaussettes unies grises homme, disponibles en 39/42, 43/46, 47/50";3253539096489,3253539096496,3253539096502;;"Taxable Goods";669;0;configurable;4;0,4000
3253539096519;ACC;"Produit Orli avec Forme";;H0004695;087;;;Coton,Elasthanne,Polyamide;"80% Coton, 18% Polyamide, 2% Elasthanne";;;F;"Soyez élégant de la tête aux pieds !<br />Découvrez notre collection de chaussettes made in France, tendance, confortable et original, elles se déclinent dans une large palette de couleurs et d'imprimés.<br /><br />Fabriquées en Bourgogne dans une entreprise du patrimoine vivant avec un savoir-faire de presque 100 ans.<br />Disponibles en 39/42, 43/46, 47/50";;;;;;;;000;5d8cccc2f0f2f-19h_h0004695_087-image1---1569508546-19H_H0004695_087_face.jpg;;;;;;Anthracite;904;RKF;15,00;"Chaussettes gris foncé rugby";;15,00;U;21H;"Chaussettes unies homme en fil de coton gris foncé. Disponibles en 39/42, 43/46, 47/50";;39/42;"Taxable Goods";669;0;simple;1;0,4000
3253539096526;ACC;"Produit Orli avec Forme";;H0004695;087;;;Coton,Elasthanne,Polyamide;"80% Coton, 18% Polyamide, 2% Elasthanne";;;F;"Soyez élégant de la tête aux pieds !<br />Découvrez notre collection de chaussettes made in France, tendance, confortable et original, elles se déclinent dans une large palette de couleurs et d'imprimés.<br /><br />Fabriquées en Bourgogne dans une entreprise du patrimoine vivant avec un savoir-faire de presque 100 ans.<br />Disponibles en 39/42, 43/46, 47/50";;;;;;;;000;5d8cccc2f0f2f-19h_h0004695_087-image1---1569508546-19H_H0004695_087_face.jpg;;;;;;Anthracite;904;RKF;15,00;"Chaussettes gris foncé rugby";;15,00;U;21H;"Chaussettes unies homme en fil de coton gris foncé. Disponibles en 39/42, 43/46, 47/50";;43/46;"Taxable Goods";669;0;simple;1;0,4000
3253539096533;ACC;"Produit Orli avec Forme";;H0004695;087;;;Coton,Elasthanne,Polyamide;"80% Coton, 18% Polyamide, 2% Elasthanne";;;F;"Soyez élégant de la tête aux pieds !<br />Découvrez notre collection de chaussettes made in France, tendance, confortable et original, elles se déclinent dans une large palette de couleurs et d'imprimés.<br /><br />Fabriquées en Bourgogne dans une entreprise du patrimoine vivant avec un savoir-faire de presque 100 ans.<br />Disponibles en 39/42, 43/46, 47/50";;;;;;;;000;5d8cccc2f0f2f-19h_h0004695_087-image1---1569508546-19H_H0004695_087_face.jpg;;;;;;Anthracite;904;RKF;15,00;"Chaussettes gris foncé rugby";;15,00;U;21H;"Chaussettes unies homme en fil de coton gris foncé. Disponibles en 39/42, 43/46, 47/50";;47/50;"Taxable Goods";669;0;simple;1;0,4000
19H_H0004695_087;ACC;"Produit Orli avec Forme";;H0004695;087;;;Coton,Elasthanne,Polyamide;"80% Coton, 18% Polyamide, 2% Elasthanne";taille;;F;"Soyez élégant de la tête aux pieds !<br />Découvrez notre collection de chaussettes made in France, tendance, confortable et original, elles se déclinent dans une large palette de couleurs et d'imprimés.<br /><br />Fabriquées en Bourgogne dans une entreprise du patrimoine vivant avec un savoir-faire de presque 100 ans.<br />Disponibles en 39/42, 43/46, 47/50";;;;;;;;000;5d8cccc2f0f2f-19h_h0004695_087-image1---1569508546-19H_H0004695_087_face.jpg;;;;;;Anthracite;904;RKF;15,00;"Chaussettes gris foncé rugby";container1;15,00;U;21H;"Chaussettes unies homme en fil de coton gris foncé. Disponibles en 39/42, 43/46, 47/50";3253539096519,3253539096526,3253539096533;;"Taxable Goods";669;0;configurable;4;0,4000
3253539096540;ACC;"Produit Orli avec Forme";;H0004695;099;;;Coton,Elasthanne,Polyamide;"80% Coton, 18% Polyamide, 2% Elasthanne";;;F;"Soyez élégant de la tête aux pieds !<br />Découvrez notre collection de chaussettes made in France, tendance, confortable et originale, elles se déclinent dans une large palette de couleurs et d'imprimés.<br />Fabriquées en Bourgogne dans une entreprise du patrimoine vivant avec un savoir-faire de presque 100 ans.<br />Disponibles en 39/42, 43/46, 47/50";;;;;;;;000;5d7f813fa07f6-19h_h0004695_099-image1---1568637247-19H_H0004695_099_face.JPG;;;;;;Noir;904;RKF;15,00;"Chaussettes homme noires";;15,00;U;21H;"Chaussettes homme noires . Disponibles en 39/42, 43/46, 47/50";;39/42;"Taxable Goods";669;0;simple;1;0,4000
3253539096557;ACC;"Produit Orli avec Forme";;H0004695;099;;;Coton,Elasthanne,Polyamide;"80% Coton, 18% Polyamide, 2% Elasthanne";;;F;"Soyez élégant de la tête aux pieds !<br />Découvrez notre collection de chaussettes made in France, tendance, confortable et originale, elles se déclinent dans une large palette de couleurs et d'imprimés.<br />Fabriquées en Bourgogne dans une entreprise du patrimoine vivant avec un savoir-faire de presque 100 ans.<br />Disponibles en 39/42, 43/46, 47/50";;;;;;;;000;5d7f813fa07f6-19h_h0004695_099-image1---1568637247-19H_H0004695_099_face.JPG;;;;;;Noir;904;RKF;15,00;"Chaussettes homme noires";;15,00;U;21H;"Chaussettes homme noires . Disponibles en 39/42, 43/46, 47/50";;43/46;"Taxable Goods";669;0;simple;1;0,4000
3253539096564;ACC;"Produit Orli avec Forme";;H0004695;099;;;Coton,Elasthanne,Polyamide;"80% Coton, 18% Polyamide, 2% Elasthanne";;;F;"Soyez élégant de la tête aux pieds !<br />Découvrez notre collection de chaussettes made in France, tendance, confortable et originale, elles se déclinent dans une large palette de couleurs et d'imprimés.<br />Fabriquées en Bourgogne dans une entreprise du patrimoine vivant avec un savoir-faire de presque 100 ans.<br />Disponibles en 39/42, 43/46, 47/50";;;;;;;;000;5d7f813fa07f6-19h_h0004695_099-image1---1568637247-19H_H0004695_099_face.JPG;;;;;;Noir;904;RKF;15,00;"Chaussettes homme noires";;15,00;U;21H;"Chaussettes homme noires . Disponibles en 39/42, 43/46, 47/50";;47/50;"Taxable Goods";669;0;simple;1;0,4000
19H_H0004695_099;ACC;"Produit Orli avec Forme";"Root Catalog/Default Category/Homme/Bas/Sous-vêtements";H0004695;099;;;Coton,Elasthanne,Polyamide;"80% Coton, 18% Polyamide, 2% Elasthanne";taille;;F;"Soyez élégant de la tête aux pieds !<br />Découvrez notre collection de chaussettes made in France, tendance, confortable et originale, elles se déclinent dans une large palette de couleurs et d'imprimés.<br />Fabriquées en Bourgogne dans une entreprise du patrimoine vivant avec un savoir-faire de presque 100 ans.<br />Disponibles en 39/42, 43/46, 47/50";;;;;;;;000;5d7f813fa07f6-19h_h0004695_099-image1---1568637247-19H_H0004695_099_face.JPG;;;;;;Noir;904;RKF;15,00;"Chaussettes homme noires";container1;15,00;U;21H;"Chaussettes homme noires . Disponibles en 39/42, 43/46, 47/50";3253539096540,3253539096557,3253539096564;;"Taxable Goods";669;0;configurable;4;0,4000
3389556850886;ACC;"Produit Orli avec Forme";;685088;002;"6109100000   23";000;;;;30,00;F;"La montre Ruckfield 685089 est une montre sport homme équipée d’un mouvement de haute précision Analogique et digital. Elle comporte un chronomètre, une alarme, un deuxième fuseau horaire.<br /><br />Elle est étanche 100m (10ATM). Elle est composée d'un bracelet en silicone très résistant et d'une bague en métal gris qui entoure le boitier de grande taille. La montre Ruckfield 685089 permet une lecture facile de l’heure pendant les activités sportives grâce a son cadran de grande taille très lisible.<br /><br />Le boitier est en résine et les poussoirs sont protégés. Le fond en acier est vissé pour accroître l’étanchéité.";;;;;;;;000;5fb29b1ac1c8c-19h_685088_002-image1---1605540634-685088-1_1000X1000.jpg;5fb53f90e6a1c-19h_685088_002-image2---1605713808-685088-4_1000X1000.jpg;5fb29b1ac2bf0-19h_685088_002-imaged3---1605540634-685088-5_1000X1000.jpg;5fb53f90e70bb-19h_685088_002-imaged2---1605713808-685088-2_1000X1000.jpg;;;NC;712;RKF;96,00;"Montre silicone noir et rouge homme";;96,00;H;19H;"Montre silicone noir et bleu homme";;TU;"Taxable Goods";006;0;simple;1;0,4000
19H_685088_002;ACC;"Produit Orli avec Forme";;685088;002;"6109100000   23";000;;;taille;30,00;F;"La montre Ruckfield 685089 est une montre sport homme équipée d’un mouvement de haute précision Analogique et digital. Elle comporte un chronomètre, une alarme, un deuxième fuseau horaire.<br /><br />Elle est étanche 100m (10ATM). Elle est composée d'un bracelet en silicone très résistant et d'une bague en métal gris qui entoure le boitier de grande taille. La montre Ruckfield 685089 permet une lecture facile de l’heure pendant les activités sportives grâce a son cadran de grande taille très lisible.<br /><br />Le boitier est en résine et les poussoirs sont protégés. Le fond en acier est vissé pour accroître l’étanchéité.";;;;;;;;000;5fb29b1ac1c8c-19h_685088_002-image1---1605540634-685088-1_1000X1000.jpg;5fb53f90e6a1c-19h_685088_002-image2---1605713808-685088-4_1000X1000.jpg;5fb29b1ac2bf0-19h_685088_002-imaged3---1605540634-685088-5_1000X1000.jpg;5fb53f90e70bb-19h_685088_002-imaged2---1605713808-685088-2_1000X1000.jpg;;;NC;712;RKF;96,00;"Montre silicone noir et rouge homme";container1;96,00;H;19H;"Montre silicone noir et bleu homme";3389556850886;;"Taxable Goods";006;0;configurable;4;0,4000
3389556850893;ACC;"Produit Orli avec Forme";;685089;002;"6109100000   23";000;;;;30,00;F;"La montre Ruckfield 685089 est une montre sport homme équipée d’un mouvement de haute précision Analogique et digital. Elle comporte un chronomètre, une alarme, un deuxième fuseau horaire.<br /><br />Elle est étanche 100m (10ATM). Elle est composée d'un bracelet en silicone très résistant et d'une bague en métal gris qui entoure le boitier de grande taille. La montre Ruckfield 685089 permet une lecture facile de l’heure pendant les activités sportives grâce a son cadran de grande taille très lisible.<br /><br />Le boitier est en résine et les poussoirs sont protégés. Le fond en acier est vissé pour accroître l’étanchéité.";;;;;;;;000;5fb2956bbce10-19h_685089_002-image1---1605539179-685089-1_1000X1000.jpg;5fb53f52dba70-19h_685089_002-image2---1605713746-685089-4_1000X1000.jpg;5fb2956bbde3a-19h_685089_002-imaged3---1605539179-685089-5_1000X1000.jpg;5fb53f52dc362-19h_685089_002-imaged2---1605713746-685089-2_1000X1000.jpg;;;NC;712;RKF;69,00;"Montre silicone noir et bleu homme";;69,00;H;19H;"Montre silicone noir et bleu homme";;TU;"Taxable Goods";006;0;simple;1;0,4000
19H_685089_002;ACC;"Produit Orli avec Forme";;685089;002;"6109100000   23";000;;;taille;30,00;F;"La montre Ruckfield 685089 est une montre sport homme équipée d’un mouvement de haute précision Analogique et digital. Elle comporte un chronomètre, une alarme, un deuxième fuseau horaire.<br /><br />Elle est étanche 100m (10ATM). Elle est composée d'un bracelet en silicone très résistant et d'une bague en métal gris qui entoure le boitier de grande taille. La montre Ruckfield 685089 permet une lecture facile de l’heure pendant les activités sportives grâce a son cadran de grande taille très lisible.<br /><br />Le boitier est en résine et les poussoirs sont protégés. Le fond en acier est vissé pour accroître l’étanchéité.";;;;;;;;000;5fb2956bbce10-19h_685089_002-image1---1605539179-685089-1_1000X1000.jpg;5fb53f52dba70-19h_685089_002-image2---1605713746-685089-4_1000X1000.jpg;5fb2956bbde3a-19h_685089_002-imaged3---1605539179-685089-5_1000X1000.jpg;5fb53f52dc362-19h_685089_002-imaged2---1605713746-685089-2_1000X1000.jpg;;;NC;712;RKF;69,00;"Montre silicone noir et bleu homme";container1;69,00;H;19H;"Montre silicone noir et bleu homme";3389556850893;;"Taxable Goods";006;0;configurable;4;0,4000
3389556850985;ACC;"Produit Orli avec Forme";;685098;002;"6109100000   23";38E;;;;22,00;F;"La montre Ruckfield 685098 est une montre sport homme équipée d’un mouvement de haute précision Analogique et digital. Elle comporte un chronomètre et une alarme. <br /><br />Elle est étanche 100m (10ATM). Elle est composée d'un bracelet en silicone très résistant et d'une bague en métal gris qui entoure le boitier de grande taille. La montre Ruckfield 685098 permet une lecture facile de l’heure pendant les activités sportives grâce a son cadran de grande taille très lisible.<br /><br />Le boitier est en résine et les poussoirs sont protégés. Le fond en acier est vissé pour accroître l’étanchéité.";;;;;;;;000;5fb2935d6cd95-19h_685098_002-image1---1605538653-685098-1_1000X1000.jpg;5fb53e23b1c82-19h_685098_002-image2---1605713443-685098-4_1000X1000.jpg;5fb2935d6f095-19h_685098_002-imaged3---1605538653-685098-5_1000X1000.jpg;5fb53e23b29cf-19h_685098_002-imaged2---1605713443-685098-2_1000X1000.jpg;;;NC;712;RKF;49,00;"Montre homme silicone noir et orange";;49,00;H;19H;"Montre homme silicone noir et orange pour homme";;TU;"Taxable Goods";006;0;simple;1;0,4000
19H_685098_002;ACC;"Produit Orli avec Forme";;685098;002;"6109100000   23";38E;;;taille;22,00;F;"La montre Ruckfield 685098 est une montre sport homme équipée d’un mouvement de haute précision Analogique et digital. Elle comporte un chronomètre et une alarme. <br /><br />Elle est étanche 100m (10ATM). Elle est composée d'un bracelet en silicone très résistant et d'une bague en métal gris qui entoure le boitier de grande taille. La montre Ruckfield 685098 permet une lecture facile de l’heure pendant les activités sportives grâce a son cadran de grande taille très lisible.<br /><br />Le boitier est en résine et les poussoirs sont protégés. Le fond en acier est vissé pour accroître l’étanchéité.";;;;;;;;000;5fb2935d6cd95-19h_685098_002-image1---1605538653-685098-1_1000X1000.jpg;5fb53e23b1c82-19h_685098_002-image2---1605713443-685098-4_1000X1000.jpg;5fb2935d6f095-19h_685098_002-imaged3---1605538653-685098-5_1000X1000.jpg;5fb53e23b29cf-19h_685098_002-imaged2---1605713443-685098-2_1000X1000.jpg;;;NC;712;RKF;49,00;"Montre homme silicone noir et orange";container1;49,00;H;19H;"Montre homme silicone noir et orange pour homme";3389556850985;;"Taxable Goods";006;0;configurable;4;0,4000
3389556850992;ACC;"Produit Orli avec Forme";;685099;002;"6109100000   23";000;;;;22,00;F;"La montre Ruckfield 685099 est une montre sport homme équipée d’un mouvement de haute précision Analogique et digital. Elle comporte un chronomètre et une alarme. <br /><br />Elle est étanche 100m (10ATM). Elle est composée d'un bracelet en silicone très résistant et d'une bague en métal gris qui entoure le boitier de grande taille. La montre Ruckfield 685099 permet une lecture facile de l’heure pendant les activités sportives grâce a son cadran de grande taille très lisible.<br /><br />Le boitier est en résine et les poussoirs sont protégés. Le fond en acier est vissé pour accroître l’étanchéité.";;;;;;;;000;5fb28fdf449a5-19h_685099_002-image1---1605537759-685099-1_1000X1000.jpg;5fb53dc59c18f-19h_685099_002-image2---1605713349-685099-4_1000X1000.jpg;5fb28fdf4656d-19h_685099_002-imaged3---1605537759-685099-5_1000X1000.jpg;5fb53dc59d6d0-19h_685099_002-imaged2---1605713349-685099-2_1000X1000.jpg;;;NC;712;RKF;49,00;"Montre en cuir noir et bleu";;49,00;H;19H;"Montre en cuir noir et bleu pour homme";;TU;"Taxable Goods";006;0;simple;1;0,4000
19H_685099_002;ACC;"Produit Orli avec Forme";;685099;002;"6109100000   23";000;;;taille;22,00;F;"La montre Ruckfield 685099 est une montre sport homme équipée d’un mouvement de haute précision Analogique et digital. Elle comporte un chronomètre et une alarme. <br /><br />Elle est étanche 100m (10ATM). Elle est composée d'un bracelet en silicone très résistant et d'une bague en métal gris qui entoure le boitier de grande taille. La montre Ruckfield 685099 permet une lecture facile de l’heure pendant les activités sportives grâce a son cadran de grande taille très lisible.<br /><br />Le boitier est en résine et les poussoirs sont protégés. Le fond en acier est vissé pour accroître l’étanchéité.";;;;;;;;000;5fb28fdf449a5-19h_685099_002-image1---1605537759-685099-1_1000X1000.jpg;5fb53dc59c18f-19h_685099_002-image2---1605713349-685099-4_1000X1000.jpg;5fb28fdf4656d-19h_685099_002-imaged3---1605537759-685099-5_1000X1000.jpg;5fb53dc59d6d0-19h_685099_002-imaged2---1605713349-685099-2_1000X1000.jpg;;;NC;712;RKF;49,00;"Montre en cuir noir et bleu";container1;49,00;H;19H;"Montre en cuir noir et bleu pour homme";3389556850992;;"Taxable Goods";006;0;configurable;4;0,4000
3389556851005;ACC;"Produit Orli avec Forme";;685100;002;"6109100000   23";000;;;;22,00;F;"La montre Ruckfield 685100 est une montre sport homme équipée d’un mouvement de haute précision Analogique et digital. Elle comporte un chronomètre et une alarme. <br /><br />Elle est étanche 100m (10ATM). Elle est composée d'un bracelet en silicone très résistant et d'une bague en métal gris qui entoure le boitier de grande taille. La montre Ruckfield 685100 permet une lecture facile de l’heure pendant les activités sportives grâce a son cadran de grande taille très lisible.<br /><br />Le boitier est en résine et les poussoirs sont protégés. Le fond en acier est vissé pour accroître l’étanchéité.";;;;;;;;000;5fb28e6598aac-19h_685100_002-image1---1605537381-685100-1_1000X1000.jpg;5fb53dfbad306-19h_685100_002-image2---1605713403-685100-4_1000X1000.jpg;5fb53dfbae01a-19h_685100_002-imaged3---1605713403-685100-5_1000X1000.jpg;5fb53dfbadb97-19h_685100_002-imaged2---1605713403-685100-2_1000X1000.jpg;;;NC;712;RKF;49,00;"Montre homme silicone black";;49,00;H;19H;"Montre homme silicone black homme Ruckfield";;TU;"Taxable Goods";006;0;simple;1;0,4000
19H_685100_002;ACC;"Produit Orli avec Forme";;685100;002;"6109100000   23";000;;;taille;22,00;F;"La montre Ruckfield 685100 est une montre sport homme équipée d’un mouvement de haute précision Analogique et digital. Elle comporte un chronomètre et une alarme. <br /><br />Elle est étanche 100m (10ATM). Elle est composée d'un bracelet en silicone très résistant et d'une bague en métal gris qui entoure le boitier de grande taille. La montre Ruckfield 685100 permet une lecture facile de l’heure pendant les activités sportives grâce a son cadran de grande taille très lisible.<br /><br />Le boitier est en résine et les poussoirs sont protégés. Le fond en acier est vissé pour accroître l’étanchéité.";;;;;;;;000;5fb28e6598aac-19h_685100_002-image1---1605537381-685100-1_1000X1000.jpg;5fb53dfbad306-19h_685100_002-image2---1605713403-685100-4_1000X1000.jpg;5fb53dfbae01a-19h_685100_002-imaged3---1605713403-685100-5_1000X1000.jpg;5fb53dfbadb97-19h_685100_002-imaged2---1605713403-685100-2_1000X1000.jpg;;;NC;712;RKF;49,00;"Montre homme silicone black";container1;49,00;H;19H;"Montre homme silicone black homme Ruckfield";3389556851005;;"Taxable Goods";006;0;configurable;4;0,4000
3389556851012;ACC;"Produit Orli avec Forme";;685101;499;"6109100000   23";000;;;;45,00;F;"La montre RUCKFIELD est une montre sport étanche 100m (10ATM) en acier avec une lunette noire double cadran. Elle possède un cadran noir et un bracelet sport vintage noir.<br /><br />Cette montre est équipée d’un mouvement 3 aiguilles date japonais de grande qualité. Son fond en acier est vissé pour accroître la résistance à l’étanchéité. Elle vous accompagnera avec élégance dans vos activités de loisir";;;;;;;;000;5fb28c6966b35-19h_685101_002-image1---1605536873-685101-1_1000X1000.jpg;5fb541b6344e9-19h_685101_002-image2---1605714358-685101-4_1000X1000.jpg;5fb28c6969a86-19h_685101_002-imaged3---1605536873-685101-5_1000X1000.jpg;5fb541b634fa3-19h_685101_002-imaged2---1605714358-685101-2_1000X1000.jpg;;;NC;712;RKF;99,00;"Montre en cuir noir";;99,00;H;19H;"Montre en cuir noir double cadran";;TU;"Taxable Goods";006;0;simple;1;0,4000
19H_685101_002;ACC;"Produit Orli avec Forme";;685101;499;"6109100000   23";000;;;taille;45,00;F;"La montre RUCKFIELD est une montre sport étanche 100m (10ATM) en acier avec une lunette noire double cadran. Elle possède un cadran noir et un bracelet sport vintage noir.<br /><br />Cette montre est équipée d’un mouvement 3 aiguilles date japonais de grande qualité. Son fond en acier est vissé pour accroître la résistance à l’étanchéité. Elle vous accompagnera avec élégance dans vos activités de loisir";;;;;;;;000;5fb28c6966b35-19h_685101_002-image1---1605536873-685101-1_1000X1000.jpg;5fb541b6344e9-19h_685101_002-image2---1605714358-685101-4_1000X1000.jpg;5fb28c6969a86-19h_685101_002-imaged3---1605536873-685101-5_1000X1000.jpg;5fb541b634fa3-19h_685101_002-imaged2---1605714358-685101-2_1000X1000.jpg;;;NC;712;RKF;99,00;"Montre en cuir noir";container1;99,00;H;19H;"Montre en cuir noir double cadran";3389556851012;;"Taxable Goods";006;0;configurable;4;0,4000
3389556851029;ACC;"Produit Orli avec Forme";;685102;066;;721;;;;45,00;F;"La montre RUCKFIELDest une montre sport étanche 100m (10ATM) en acier avec une lunette noire double cadran. Elle possède un cadran noir et un bracelet sport vintage bicolore noire et marron en cuir de veau.<br /><br />Cette montre est équipée d’un mouvement 3 aiguilles date japonais de grande qualité. Son fond en acier est vissé pour accroître la résistance à l’étanchéité. Elle vous accompagnera avec élégance dans vos activités de loisir.";;;;;;;;000;5fb28a14348c5-19h_685102_002-image1---1605536276-685102-1_1000X1000.jpg;5fb54129a96e1-19h_685102_002-image2---1605714217-685102-4_1000X1000.jpg;5fb28a143777d-19h_685102_002-imaged3---1605536276-685102-5_1000X1000.jpg;5fb54129aa5a4-19h_685102_002-imaged2---1605714217-685102-2_1000X1000.jpg;;;NC;712;RKF;99,00;"Montre en cuir noir et marron";;99,00;H;19H;"Montre en cuir noir et marron double cadran";;TU;"Taxable Goods";006;0;simple;1;0,4000
19H_685102_002;ACC;"Produit Orli avec Forme";;685102;066;;721;;;taille;45,00;F;"La montre RUCKFIELDest une montre sport étanche 100m (10ATM) en acier avec une lunette noire double cadran. Elle possède un cadran noir et un bracelet sport vintage bicolore noire et marron en cuir de veau.<br /><br />Cette montre est équipée d’un mouvement 3 aiguilles date japonais de grande qualité. Son fond en acier est vissé pour accroître la résistance à l’étanchéité. Elle vous accompagnera avec élégance dans vos activités de loisir.";;;;;;;;000;5fb28a14348c5-19h_685102_002-image1---1605536276-685102-1_1000X1000.jpg;5fb54129a96e1-19h_685102_002-image2---1605714217-685102-4_1000X1000.jpg;5fb28a143777d-19h_685102_002-imaged3---1605536276-685102-5_1000X1000.jpg;5fb54129aa5a4-19h_685102_002-imaged2---1605714217-685102-2_1000X1000.jpg;;;NC;712;RKF;99,00;"Montre en cuir noir et marron";container1;99,00;H;19H;"Montre en cuir noir et marron double cadran";3389556851029;;"Taxable Goods";006;0;configurable;4;0,4000
3389556851043;ACC;"Produit Orli avec Forme";;685104;382;;999;;;;47,00;F;"Magnifique montre Ruckfield en métal argent.<br />Double cadran sport. Elle est étanche 100 m (10ATM) et elle est équipée d’un mouvement japonais de grande précision, trois aiguilles et dateur. Le bracelet acier bicolore comporte une boucle sécurité déployante anti-décrochage. C'est une montre de sport élégante qui s’adaptera à tous les poignets.";;;;;;;;000;"5fbd06ed1e70a-19h_685104_002-image1---1606223597-RU_685104 1000 X1000.jpg";;;;;;NC;712;RKF;109,00;"Montre métal argent sport";;109,00;H;19H;"Montre métal argent sport double cadran";;TU;"Taxable Goods";006;0;simple;1;0,4000
19H_685104_002;ACC;"Produit Orli avec Forme";;685104;382;;999;;;taille;47,00;F;"Magnifique montre Ruckfield en métal argent.<br />Double cadran sport. Elle est étanche 100 m (10ATM) et elle est équipée d’un mouvement japonais de grande précision, trois aiguilles et dateur. Le bracelet acier bicolore comporte une boucle sécurité déployante anti-décrochage. C'est une montre de sport élégante qui s’adaptera à tous les poignets.";;;;;;;;000;"5fbd06ed1e70a-19h_685104_002-image1---1606223597-RU_685104 1000 X1000.jpg";;;;;;NC;712;RKF;109,00;"Montre métal argent sport";container1;109,00;H;19H;"Montre métal argent sport double cadran";3389556851043;;"Taxable Goods";006;0;configurable;4;0,4000
3389556851050;ACC;"Produit Orli avec Forme";;685105;066;;721;;;;45,00;F;"Découvrez cette montre Ruckfield Marron très originale.<br />Cadran en acier gris Anthracite. Cette montre est équipée d’un mouvement quartz Japonais de 3 aiguilles de grande précision. Chic et élégante, elle vous donnera un look sport et urbain.";;;;;;;;000;5fb286e763a14-19h_685105_002-image1---1605535463-685105-1_1000X1000.jpg;5fb5410182508-19h_685105_002-image2---1605714177-685105-4_1000X1000.jpg;5fb286e77ad1d-19h_685105_002-imaged3---1605535463-685105-5_1000X1000.jpg;5fb5410182a68-19h_685105_002-imaged2---1605714177-685105-2_1000X1000.jpg;;;NC;712;RKF;99,00;"Montre bracelet en cuir Marron";;99,00;H;19H;"Montre bracelet en cuir Marron Ruckfield";;TU;"Taxable Goods";006;0;simple;1;0,4000
19H_685105_002;ACC;"Produit Orli avec Forme";;685105;066;;721;;;taille;45,00;F;"Découvrez cette montre Ruckfield Marron très originale.<br />Cadran en acier gris Anthracite. Cette montre est équipée d’un mouvement quartz Japonais de 3 aiguilles de grande précision. Chic et élégante, elle vous donnera un look sport et urbain.";;;;;;;;000;5fb286e763a14-19h_685105_002-image1---1605535463-685105-1_1000X1000.jpg;5fb5410182508-19h_685105_002-image2---1605714177-685105-4_1000X1000.jpg;5fb286e77ad1d-19h_685105_002-imaged3---1605535463-685105-5_1000X1000.jpg;5fb5410182a68-19h_685105_002-imaged2---1605714177-685105-2_1000X1000.jpg;;;NC;712;RKF;99,00;"Montre bracelet en cuir Marron";container1;99,00;H;19H;"Montre bracelet en cuir Marron Ruckfield";3389556851050;;"Taxable Goods";006;0;configurable;4;0,4000
3389556851067;ACC;"Produit Orli avec Forme";;685106;499;;000;;;;45,00;F;"Découvrez cette montre très originale Ruckfield. Etanche 100 mètres.<br />Cette montre est équipée d’un mouvement quartz Japonais de 3 aiguilles de grande précision. Chic et élégante, elle vous donnera un look sport et urbain.";;;;;;;;000;5fb285f0c0920-19h_685106_002-image1---1605535216-685106-1_1000X1000.jpg;5fb540de38a95-19h_685106_002-image2---1605714142-685106-4_1000X1000.jpg;5fb285f10d099-19h_685106_002-imaged3---1605535217-685106-5_1000X1000.jpg;5fb540de39076-19h_685106_002-imaged2---1605714142-685106-2_1000X1000.jpg;;;NC;712;RKF;99,00;"Montre noire bracelet cuir";;99,00;H;19H;"Montre noire bracelet cuir Ruckfield étanche 100 mètres";;TU;"Taxable Goods";006;0;simple;1;0,4000
19H_685106_002;ACC;"Produit Orli avec Forme";;685106;499;;000;;;taille;45,00;F;"Découvrez cette montre très originale Ruckfield. Etanche 100 mètres.<br />Cette montre est équipée d’un mouvement quartz Japonais de 3 aiguilles de grande précision. Chic et élégante, elle vous donnera un look sport et urbain.";;;;;;;;000;5fb285f0c0920-19h_685106_002-image1---1605535216-685106-1_1000X1000.jpg;5fb540de38a95-19h_685106_002-image2---1605714142-685106-4_1000X1000.jpg;5fb285f10d099-19h_685106_002-imaged3---1605535217-685106-5_1000X1000.jpg;5fb540de39076-19h_685106_002-imaged2---1605714142-685106-2_1000X1000.jpg;;;NC;712;RKF;99,00;"Montre noire bracelet cuir";container1;99,00;H;19H;"Montre noire bracelet cuir Ruckfield étanche 100 mètres";3389556851067;;"Taxable Goods";006;0;configurable;4;0,4000
3389556851098;ACC;"Produit Orli avec Forme";;685109;482;;999;;;;39,00;F;"Découvrez cette magnifique Montre Ruckfield en acier. A la fois chic et sport, elle s'accouplera avec tout le dressing Ruckfield.<br />Montre étanche 100 mètres<br />Sa couronne est protégée contre les chocs et les index et chiffres de son cadran sont très lisibles même dans des conditions de lumière faible. Le bracelet acier comporte un fermoir déployant sécurité anti-décrochage.";;;;;;;;000;5fb284e2205e9-19h_685109_002-image1---1605534946-685109-1_1000X1000.jpg;5fb53fbae8cec-19h_685109_002-image2---1605713850-685109-4_1000X1000.jpg;5fb284e222c9d-19h_685109_002-imaged3---1605534946-685109-5_1000X1000.jpg;5fb53fbae9e51-19h_685109_002-imaged2---1605713850-685109-2_1000X1000.jpg;;;NC;712;RKF;89,00;"Montre en métal argent";;89,00;H;19H;"Montre en métal argent sport";;TU;"Taxable Goods";006;0;simple;1;0,4000
19H_685109_002;ACC;"Produit Orli avec Forme";;685109;482;;999;;;taille;39,00;F;"Découvrez cette magnifique Montre Ruckfield en acier. A la fois chic et sport, elle s'accouplera avec tout le dressing Ruckfield.<br />Montre étanche 100 mètres<br />Sa couronne est protégée contre les chocs et les index et chiffres de son cadran sont très lisibles même dans des conditions de lumière faible. Le bracelet acier comporte un fermoir déployant sécurité anti-décrochage.";;;;;;;;000;5fb284e2205e9-19h_685109_002-image1---1605534946-685109-1_1000X1000.jpg;5fb53fbae8cec-19h_685109_002-image2---1605713850-685109-4_1000X1000.jpg;5fb284e222c9d-19h_685109_002-imaged3---1605534946-685109-5_1000X1000.jpg;5fb53fbae9e51-19h_685109_002-imaged2---1605713850-685109-2_1000X1000.jpg;;;NC;712;RKF;89,00;"Montre en métal argent";container1;89,00;H;19H;"Montre en métal argent sport";3389556851098;;"Taxable Goods";006;0;configurable;4;0,4000
3389556851104;ACC;"Produit Orli avec Forme";;685110;482;;999;;;;45,00;F;"La montre Ruckfield est une montre sport homme entièrement en acier. Le boitier rond de 40mm de diamètre est rehaussé d’une lunette acier et son cadran bleu est orné d’index frappés qui permettent une lecture de l’heure très précise.<br /><br />Elle est étanche 100 m (10ATM) et elle est équipée d’un mouvement japonais de grande précision, trois aiguilles et dateur. Le bracelet acier bicolore comporte une boucle de sécurité déployante anti-décrochage. C'est une montre de sport élégante à porter tous les jours.";;;;;;;;000;"5fbd06bdc5908-19h_685110_002-image1---1606223549-RU_685110 1000 X 1000.jpg";;;;;;NC;712;RKF;99,00;"Montre en acier sport homme";;99,00;H;19H;"Montre en acier sport homme étanche 100 mètres";;TU;"Taxable Goods";006;0;simple;1;0,4000
19H_685110_002;ACC;"Produit Orli avec Forme";;685110;482;;999;;;taille;45,00;F;"La montre Ruckfield est une montre sport homme entièrement en acier. Le boitier rond de 40mm de diamètre est rehaussé d’une lunette acier et son cadran bleu est orné d’index frappés qui permettent une lecture de l’heure très précise.<br /><br />Elle est étanche 100 m (10ATM) et elle est équipée d’un mouvement japonais de grande précision, trois aiguilles et dateur. Le bracelet acier bicolore comporte une boucle de sécurité déployante anti-décrochage. C'est une montre de sport élégante à porter tous les jours.";;;;;;;;000;"5fbd06bdc5908-19h_685110_002-image1---1606223549-RU_685110 1000 X 1000.jpg";;;;;;NC;712;RKF;99,00;"Montre en acier sport homme";container1;99,00;H;19H;"Montre en acier sport homme étanche 100 mètres";3389556851104;;"Taxable Goods";006;0;configurable;4;0,4000
21H_H0005290_099;100;"Produit Orli avec Forme";;H0005290;099;"6110309100   23";000;Acrylique,Coton;"50% coton, 50% acrylique";taille;;INDE;"Ce pull avec son logo Ruckfield blanc est un intemporel à sélectionner dans votre dressing. 50% coton et 50% acrylique pour une matière légère et agréable.<br /><br />Disponible du S au 5XL.<br />Notre mannequin mesure 1m82 et porte du L.<br /><br />- 50% coton, 50% acrylique<br />- Logo Ruckfield<br />- Coloris noir";;;;;;;;000;609e742d0193b-21h_h0005290_099-image1---1620997165-21H_H0005290_099_face.JPG;609e742d01c78-21h_h0005290_099-image2---1620997165-21H_H0005290_099_dos.JPG;;609e742d02395-21h_h0005290_099-imaged2---1620997165-21H_H0005290_099_detail2.JPG;;;Noir;220;RKF;89,00;"Pull col rond Ruckfield noir";container1;89,00;H;21H;"Pull col rond Ruckfield en coton et en acrylique.";;;"Taxable Goods";WAR;0;configurable;4;0,4000
